"ano";"experiencia";"emprego";"cargo";"salario_USD";"pais_empreg";"trab_remoto";"pais_empresa";"tam_empresa";"Cat_Salario"
2020;"2:MI";"FT";"Data Scientist";79833;"DE";"1:Não";"DE";"L";"G1"
2020;"3:SE";"FT";"Machine Learning Scientist";260000;"JP";"1:Não";"JP";"S";"G3"
2020;"3:SE";"FT";"Big Data Engineer";109024;"GB";"2:Parcial";"GB";"M";"G2"
2020;"2:MI";"FT";"Product Data Analyst";20000;"HN";"1:Não";"HN";"S";"G1"
2020;"3:SE";"FT";"Machine Learning Engineer";150000;"US";"2:Parcial";"US";"L";"G2"
2020;"1:EN";"FT";"Data Analyst";72000;"US";"3:Total";"US";"L";"G1"
2020;"3:SE";"FT";"Lead Data Scientist";190000;"US";"3:Total";"US";"S";"G2"
2020;"2:MI";"FT";"Data Scientist";35735;"HU";"2:Parcial";"HU";"L";"G1"
2020;"2:MI";"FT";"Business Data Analyst";135000;"US";"3:Total";"US";"L";"G2"
2020;"3:SE";"FT";"Lead Data Engineer";125000;"NZ";"2:Parcial";"NZ";"S";"G2"
2020;"1:EN";"FT";"Data Scientist";51321;"FR";"1:Não";"FR";"S";"G1"
2020;"2:MI";"FT";"Data Scientist";40481;"IN";"1:Não";"IN";"L";"G1"
2020;"1:EN";"FT";"Data Scientist";39916;"FR";"1:Não";"FR";"M";"G1"
2020;"2:MI";"FT";"Lead Data Analyst";87000;"US";"3:Total";"US";"L";"G1"
2020;"2:MI";"FT";"Data Analyst";85000;"US";"3:Total";"US";"L";"G1"
2020;"2:MI";"FT";"Data Analyst";8000;"PK";"2:Parcial";"PK";"L";"G1"
2020;"1:EN";"FT";"Data Engineer";41689;"JP";"3:Total";"JP";"S";"G1"
2020;"3:SE";"FT";"Big Data Engineer";114047;"PL";"3:Total";"GB";"S";"G2"
2020;"1:EN";"FT";"Data Science Consultant";5707;"IN";"2:Parcial";"IN";"M";"G1"
2020;"2:MI";"FT";"Lead Data Engineer";56000;"PT";"3:Total";"US";"M";"G1"
2020;"2:MI";"FT";"Machine Learning Engineer";43331;"CN";"1:Não";"CN";"M";"G1"
2020;"2:MI";"FT";"Product Data Analyst";6072;"IN";"3:Total";"IN";"L";"G1"
2020;"3:SE";"FT";"Data Engineer";47899;"GR";"2:Parcial";"GR";"L";"G1"
2020;"2:MI";"FT";"BI Data Analyst";98000;"US";"1:Não";"US";"M";"G1"
2020;"2:MI";"FT";"Lead Data Scientist";115000;"AE";"1:Não";"AE";"L";"G2"
2020;"4:EX";"FT";"Director of Data Science";325000;"US";"3:Total";"US";"L";"G4"
2020;"1:EN";"FT";"Research Scientist";42000;"NL";"2:Parcial";"NL";"L";"G1"
2020;"3:SE";"FT";"Data Engineer";33511;"MX";"1:Não";"MX";"S";"G1"
2020;"1:EN";"CT";"Business Data Analyst";100000;"US";"3:Total";"US";"L";"G2"
2020;"3:SE";"FT";"Machine Learning Manager";117104;"CA";"2:Parcial";"CA";"L";"G2"
2020;"2:MI";"FT";"Data Engineering Manager";59303;"DE";"3:Total";"DE";"S";"G1"
2020;"1:EN";"FT";"Big Data Engineer";70000;"US";"3:Total";"US";"L";"G1"
2020;"3:SE";"FT";"Data Scientist";68428;"GR";"3:Total";"US";"L";"G1"
2020;"2:MI";"FT";"Research Scientist";450000;"US";"1:Não";"US";"M";"G5"
2020;"2:MI";"FT";"Data Analyst";46759;"FR";"2:Parcial";"FR";"L";"G1"
2020;"2:MI";"FT";"Data Engineer";74130;"AT";"2:Parcial";"AT";"L";"G1"
2020;"2:MI";"FT";"Data Science Consultant";103000;"US";"3:Total";"US";"L";"G2"
2020;"1:EN";"FT";"Machine Learning Engineer";250000;"US";"2:Parcial";"US";"L";"G3"
2020;"1:EN";"FT";"Data Analyst";10000;"NG";"3:Total";"NG";"S";"G1"
2020;"1:EN";"FT";"Machine Learning Engineer";138000;"US";"3:Total";"US";"S";"G2"
2020;"2:MI";"FT";"Data Scientist";45760;"PH";"3:Total";"US";"S";"G1"
2020;"4:EX";"FT";"Data Engineering Manager";79833;"ES";"2:Parcial";"ES";"L";"G1"
2020;"2:MI";"FT";"Machine Learning Infrastructure Engineer";50180;"PT";"1:Não";"PT";"M";"G1"
2020;"2:MI";"FT";"Data Engineer";106000;"US";"3:Total";"US";"L";"G2"
2020;"2:MI";"FT";"Data Engineer";112872;"GB";"2:Parcial";"GB";"L";"G2"
2020;"1:EN";"PT";"ML Engineer";15966;"DE";"3:Total";"DE";"S";"G1"
2020;"2:MI";"FT";"Data Scientist";76958;"GB";"3:Total";"GB";"S";"G1"
2020;"3:SE";"FT";"Data Engineer";188000;"US";"3:Total";"US";"L";"G2"
2020;"2:MI";"FT";"Data Scientist";105000;"US";"3:Total";"US";"L";"G2"
2020;"2:MI";"FT";"Data Engineer";70139;"FR";"2:Parcial";"FR";"L";"G1"
2020;"1:EN";"FT";"Data Analyst";6072;"IN";"1:Não";"IN";"S";"G1"
2020;"1:EN";"FT";"Data Analyst";91000;"US";"3:Total";"US";"L";"G1"
2020;"1:EN";"FT";"AI Scientist";45896;"DK";"2:Parcial";"DK";"S";"G1"
2020;"1:EN";"FT";"Data Engineer";54742;"PK";"3:Total";"DE";"L";"G1"
2020;"3:SE";"FL";"Computer Vision Engineer";60000;"RU";"3:Total";"US";"S";"G1"
2020;"3:SE";"FT";"Principal Data Scientist";148261;"DE";"3:Total";"DE";"M";"G2"
2020;"2:MI";"FT";"Data Scientist";38776;"ES";"3:Total";"ES";"M";"G1"
2020;"2:MI";"FT";"Data Scientist";118000;"US";"3:Total";"US";"M";"G2"
2020;"3:SE";"FT";"Data Scientist";120000;"US";"2:Parcial";"US";"L";"G2"
2020;"2:MI";"FT";"Data Scientist";138350;"US";"3:Total";"US";"M";"G2"
2020;"2:MI";"FT";"Data Engineer";110000;"US";"3:Total";"US";"L";"G2"
2020;"2:MI";"FT";"Data Engineer";130800;"ES";"3:Total";"US";"M";"G2"
2020;"1:EN";"PT";"Data Scientist";21669;"IT";"2:Parcial";"IT";"S";"G1"
2020;"3:SE";"FT";"Data Scientist";412000;"US";"3:Total";"US";"L";"G5"
2020;"3:SE";"FT";"Machine Learning Engineer";45618;"HR";"3:Total";"HR";"S";"G1"
2020;"1:EN";"FT";"Data Scientist";62726;"DE";"2:Parcial";"DE";"S";"G1"
2020;"1:EN";"FT";"Data Scientist";49268;"DE";"1:Não";"DE";"S";"G1"
2020;"3:SE";"FT";"Data Science Manager";190200;"US";"3:Total";"US";"M";"G2"
2020;"1:EN";"FT";"Data Scientist";105000;"US";"3:Total";"US";"S";"G2"
2020;"3:SE";"FT";"Data Scientist";91237;"AT";"1:Não";"AT";"S";"G1"
2020;"2:MI";"FT";"Data Scientist";62726;"FR";"2:Parcial";"LU";"S";"G1"
2020;"2:MI";"FT";"Data Scientist";42197;"FR";"2:Parcial";"FR";"S";"G1"
2021;"1:EN";"FT";"Research Scientist";82528;"GB";"2:Parcial";"GB";"L";"G1"
2021;"4:EX";"FT";"BI Data Analyst";150000;"IN";"3:Total";"US";"L";"G2"
2021;"4:EX";"FT";"Head of Data";235000;"US";"3:Total";"US";"L";"G3"
2021;"3:SE";"FT";"Data Scientist";53192;"FR";"2:Parcial";"FR";"L";"G1"
2021;"2:MI";"FT";"BI Data Analyst";100000;"US";"3:Total";"US";"M";"G2"
2021;"2:MI";"PT";"3D Computer Vision Researcher";5409;"IN";"2:Parcial";"IN";"M";"G1"
2021;"2:MI";"CT";"ML Engineer";270000;"US";"3:Total";"US";"L";"G3"
2021;"1:EN";"FT";"Data Analyst";80000;"US";"3:Total";"US";"M";"G1"
2021;"3:SE";"FT";"Data Analytics Engineer";79197;"DE";"3:Total";"DE";"L";"G1"
2021;"2:MI";"FT";"Data Engineer";140000;"US";"3:Total";"US";"L";"G2"
2021;"2:MI";"FT";"Applied Data Scientist";54238;"GB";"2:Parcial";"CA";"L";"G1"
2021;"2:MI";"FT";"Machine Learning Engineer";47282;"ES";"3:Total";"ES";"S";"G1"
2021;"4:EX";"FT";"Director of Data Science";153667;"IT";"3:Total";"PL";"L";"G2"
2021;"2:MI";"FT";"Data Engineer";28476;"PL";"3:Total";"PL";"L";"G1"
2021;"1:EN";"FT";"Data Analyst";59102;"FR";"2:Parcial";"FR";"M";"G1"
2021;"2:MI";"FT";"Data Analytics Engineer";110000;"US";"3:Total";"US";"L";"G2"
2021;"3:SE";"FT";"Lead Data Analyst";170000;"US";"3:Total";"US";"L";"G2"
2021;"3:SE";"FT";"Data Analyst";80000;"BG";"3:Total";"US";"S";"G1"
2021;"3:SE";"FT";"Marketing Data Analyst";88654;"GR";"3:Total";"DK";"L";"G1"
2021;"1:EN";"FT";"Data Science Consultant";76833;"DE";"3:Total";"DE";"S";"G1"
2021;"2:MI";"FT";"Lead Data Analyst";19609;"IN";"3:Total";"IN";"L";"G1"
2021;"3:SE";"FT";"Lead Data Engineer";276000;"US";"1:Não";"US";"L";"G3"
2021;"1:EN";"FT";"Data Scientist";29751;"IN";"2:Parcial";"IN";"L";"G1"
2021;"2:MI";"FT";"Cloud Data Engineer";89294;"SG";"2:Parcial";"SG";"L";"G1"
2021;"1:EN";"PT";"AI Scientist";12000;"BR";"3:Total";"US";"S";"G1"
2021;"2:MI";"FT";"Financial Data Analyst";450000;"US";"3:Total";"US";"L";"G5"
2021;"1:EN";"FT";"Computer Vision Software Engineer";70000;"US";"3:Total";"US";"M";"G1"
2021;"2:MI";"FT";"Computer Vision Software Engineer";95746;"DE";"3:Total";"US";"S";"G1"
2021;"2:MI";"FT";"Data Analyst";75000;"US";"1:Não";"US";"L";"G1"
2021;"3:SE";"FT";"Data Engineer";150000;"US";"3:Total";"US";"L";"G2"
2021;"2:MI";"FT";"BI Data Analyst";36259;"HU";"2:Parcial";"US";"L";"G1"
2021;"2:MI";"FT";"Data Analyst";62000;"US";"1:Não";"US";"L";"G1"
2021;"2:MI";"FT";"Data Scientist";73000;"US";"1:Não";"US";"L";"G1"
2021;"2:MI";"FT";"Data Analyst";51519;"GB";"2:Parcial";"GB";"L";"G1"
2021;"2:MI";"FT";"Research Scientist";187442;"CA";"3:Total";"CA";"L";"G2"
2021;"3:SE";"FT";"Data Engineer";115000;"US";"3:Total";"US";"S";"G2"
2021;"3:SE";"FT";"Data Engineer";150000;"US";"3:Total";"US";"M";"G2"
2021;"1:EN";"FT";"Data Engineer";30428;"IN";"3:Total";"IN";"L";"G1"
2021;"3:SE";"FT";"Machine Learning Engineer";94564;"DE";"2:Parcial";"DE";"L";"G1"
2021;"3:SE";"FT";"Director of Data Engineering";113476;"GB";"3:Total";"GB";"M";"G2"
2021;"3:SE";"FT";"Lead Data Engineer";103160;"GB";"3:Total";"GB";"S";"G2"
2021;"1:EN";"PT";"AI Scientist";12000;"PK";"3:Total";"US";"M";"G1"
2021;"2:MI";"FT";"Data Engineer";45391;"NL";"3:Total";"NL";"L";"G1"
2021;"1:EN";"FT";"Machine Learning Scientist";225000;"US";"3:Total";"US";"L";"G3"
2021;"2:MI";"FT";"Data Scientist";50000;"NG";"3:Total";"NG";"L";"G1"
2021;"2:MI";"FT";"Data Science Engineer";40189;"GR";"3:Total";"GR";"M";"G1"
2021;"1:EN";"FT";"Data Analyst";90000;"US";"3:Total";"US";"S";"G1"
2021;"2:MI";"FT";"Data Engineer";200000;"US";"3:Total";"US";"L";"G3"
2021;"2:MI";"FT";"Big Data Engineer";60000;"ES";"2:Parcial";"RO";"M";"G1"
2021;"3:SE";"FT";"Principal Data Engineer";200000;"US";"3:Total";"US";"M";"G3"
2021;"1:EN";"FT";"Data Analyst";50000;"US";"3:Total";"US";"M";"G1"
2021;"1:EN";"FT";"Applied Data Scientist";110037;"GB";"1:Não";"GB";"L";"G2"
2021;"1:EN";"PT";"Data Analyst";10354;"ES";"2:Parcial";"ES";"M";"G1"
2021;"2:MI";"FT";"Principal Data Scientist";151000;"US";"3:Total";"US";"L";"G2"
2021;"3:SE";"FT";"Machine Learning Scientist";120000;"US";"2:Parcial";"US";"S";"G2"
2021;"2:MI";"FT";"Data Scientist";9466;"IN";"1:Não";"IN";"S";"G1"
2021;"1:EN";"FT";"Machine Learning Engineer";20000;"IN";"3:Total";"IN";"S";"G1"
2021;"3:SE";"FT";"Lead Data Scientist";40570;"IN";"2:Parcial";"IN";"L";"G1"
2021;"1:EN";"FT";"Machine Learning Developer";100000;"IQ";"2:Parcial";"IQ";"S";"G2"
2021;"1:EN";"FT";"Data Scientist";49646;"FR";"2:Parcial";"FR";"M";"G1"
2021;"2:MI";"FT";"Applied Machine Learning Scientist";38400;"VN";"3:Total";"US";"M";"G1"
2021;"3:SE";"FT";"Computer Vision Engineer";24000;"BR";"3:Total";"BR";"M";"G1"
2021;"1:EN";"FT";"Data Scientist";100000;"US";"1:Não";"US";"S";"G2"
2021;"2:MI";"FT";"Data Analyst";90000;"US";"3:Total";"US";"M";"G1"
2021;"2:MI";"FT";"ML Engineer";63711;"JP";"2:Parcial";"JP";"S";"G1"
2021;"2:MI";"FT";"ML Engineer";77364;"JP";"2:Parcial";"JP";"S";"G1"
2021;"3:SE";"FT";"Principal Data Scientist";220000;"US";"1:Não";"US";"L";"G3"
2021;"1:EN";"FT";"Data Scientist";80000;"US";"3:Total";"US";"M";"G1"
2021;"2:MI";"FT";"Data Analyst";135000;"US";"3:Total";"US";"L";"G2"
2021;"3:SE";"FT";"Data Science Manager";240000;"US";"1:Não";"US";"L";"G3"
2021;"3:SE";"FT";"Data Engineering Manager";150000;"US";"1:Não";"US";"L";"G2"
2021;"2:MI";"FT";"Data Scientist";82500;"US";"3:Total";"US";"S";"G1"
2021;"2:MI";"FT";"Data Engineer";100000;"US";"3:Total";"US";"L";"G2"
2021;"3:SE";"FT";"Machine Learning Engineer";82744;"BE";"2:Parcial";"BE";"M";"G1"
2021;"2:MI";"FT";"Research Scientist";62649;"FR";"2:Parcial";"FR";"M";"G1"
2021;"2:MI";"FT";"Data Engineer";90000;"US";"3:Total";"US";"L";"G1"
2021;"3:SE";"FT";"Data Engineering Manager";153000;"US";"3:Total";"US";"L";"G2"
2021;"3:SE";"FT";"Cloud Data Engineer";160000;"BR";"3:Total";"US";"S";"G2"
2021;"3:SE";"FT";"Director of Data Science";168000;"JP";"1:Não";"JP";"S";"G2"
2021;"2:MI";"FT";"Data Scientist";150000;"US";"3:Total";"US";"M";"G2"
2021;"2:MI";"FT";"Data Scientist";75774;"CA";"3:Total";"CA";"L";"G1"
2021;"1:EN";"FT";"Data Scientist";13400;"UA";"3:Total";"UA";"L";"G1"
2021;"3:SE";"FT";"Data Science Manager";144000;"US";"3:Total";"US";"L";"G2"
2021;"3:SE";"FT";"Data Science Engineer";127221;"CA";"2:Parcial";"CA";"L";"G2"
2021;"2:MI";"FT";"Data Scientist";119059;"SG";"3:Total";"IL";"M";"G2"
2021;"2:MI";"FT";"Applied Machine Learning Scientist";423000;"US";"2:Parcial";"US";"L";"G5"
2021;"3:SE";"FT";"Data Analytics Manager";120000;"US";"3:Total";"US";"M";"G2"
2021;"1:EN";"FT";"Machine Learning Engineer";125000;"US";"3:Total";"US";"S";"G2"
2021;"4:EX";"FT";"Head of Data";230000;"RU";"2:Parcial";"RU";"L";"G3"
2021;"4:EX";"FT";"Head of Data Science";85000;"RU";"1:Não";"RU";"M";"G1"
2021;"2:MI";"FT";"Data Engineer";28369;"MT";"2:Parcial";"MT";"L";"G1"
2021;"1:EN";"FT";"Data Science Consultant";63831;"DE";"2:Parcial";"DE";"L";"G1"
2021;"4:EX";"FT";"Director of Data Science";130026;"DE";"2:Parcial";"DE";"M";"G2"
2021;"3:SE";"FT";"Data Specialist";165000;"US";"3:Total";"US";"L";"G2"
2021;"1:EN";"FT";"Data Engineer";80000;"US";"3:Total";"US";"L";"G1"
2021;"4:EX";"FT";"Director of Data Science";250000;"US";"1:Não";"US";"L";"G3"
2021;"1:EN";"FT";"BI Data Analyst";55000;"US";"2:Parcial";"US";"S";"G1"
2021;"2:MI";"FT";"Data Architect";150000;"US";"3:Total";"US";"L";"G2"
2021;"2:MI";"FT";"Data Architect";170000;"US";"3:Total";"US";"L";"G2"
2021;"2:MI";"FT";"Data Engineer";82528;"GB";"3:Total";"GB";"L";"G1"
2021;"1:EN";"FT";"Data Analyst";60000;"US";"3:Total";"US";"S";"G1"
2021;"3:SE";"FT";"Principal Data Scientist";235000;"US";"3:Total";"US";"L";"G3"
2021;"3:SE";"FT";"Research Scientist";60757;"PT";"2:Parcial";"PT";"L";"G1"
2021;"3:SE";"FT";"Data Engineering Manager";174000;"US";"3:Total";"US";"L";"G2"
2021;"2:MI";"FT";"Data Scientist";2859;"MX";"1:Não";"MX";"S";"G1"
2021;"2:MI";"FT";"Data Scientist";40038;"CL";"3:Total";"CL";"L";"G1"
2021;"1:EN";"FT";"Machine Learning Engineer";81000;"US";"2:Parcial";"US";"S";"G1"
2021;"2:MI";"FT";"Data Scientist";5679;"IN";"3:Total";"US";"S";"G1"
2021;"2:MI";"FT";"Big Data Engineer";22611;"IN";"1:Não";"IN";"L";"G1"
2021;"2:MI";"FT";"Data Scientist";90734;"DE";"2:Parcial";"DE";"L";"G1"
2021;"2:MI";"FT";"Data Engineer";26005;"RO";"1:Não";"US";"L";"G1"
2021;"3:SE";"FT";"Finance Data Analyst";61896;"GB";"2:Parcial";"GB";"L";"G1"
2021;"2:MI";"FL";"Machine Learning Scientist";12000;"PK";"2:Parcial";"PK";"M";"G1"
2021;"2:MI";"FT";"Data Engineer";4000;"IR";"3:Total";"IR";"M";"G1"
2021;"3:SE";"FT";"Data Analytics Engineer";50000;"VN";"3:Total";"GB";"M";"G1"
2021;"4:EX";"FT";"Data Science Consultant";69741;"FR";"3:Total";"ES";"S";"G1"
2021;"3:SE";"FT";"Data Engineer";76833;"RO";"2:Parcial";"GB";"S";"G1"
2021;"2:MI";"FT";"Machine Learning Engineer";74000;"JP";"2:Parcial";"JP";"S";"G1"
2021;"3:SE";"FT";"Data Science Manager";152000;"US";"3:Total";"FR";"L";"G2"
2021;"1:EN";"FT";"Machine Learning Engineer";21844;"CO";"2:Parcial";"CO";"M";"G1"
2021;"2:MI";"FT";"Big Data Engineer";18000;"MD";"1:Não";"MD";"S";"G1"
2021;"3:SE";"FT";"Data Science Manager";174000;"US";"3:Total";"US";"L";"G2"
2021;"3:SE";"FT";"Research Scientist";96113;"CA";"2:Parcial";"CA";"L";"G1"
2021;"2:MI";"FT";"Data Scientist";147000;"US";"2:Parcial";"US";"L";"G2"
2021;"1:EN";"FT";"BI Data Analyst";9272;"KE";"3:Total";"KE";"S";"G1"
2021;"3:SE";"FT";"Machine Learning Engineer";24342;"IN";"3:Total";"IN";"L";"G1"
2021;"3:SE";"FT";"Data Science Manager";54094;"IN";"2:Parcial";"US";"L";"G1"
2021;"1:EN";"FT";"Data Science Consultant";90000;"US";"3:Total";"US";"S";"G1"
2021;"2:MI";"FT";"Data Scientist";61467;"DE";"2:Parcial";"AT";"M";"G1"
2021;"3:SE";"FT";"Machine Learning Infrastructure Engineer";195000;"US";"3:Total";"US";"M";"G2"
2021;"2:MI";"FT";"Data Scientist";37825;"ES";"3:Total";"ES";"L";"G1"
2021;"3:SE";"FT";"Research Scientist";50000;"FR";"3:Total";"US";"S";"G1"
2021;"2:MI";"FT";"Data Scientist";160000;"US";"3:Total";"US";"L";"G2"
2021;"2:MI";"FT";"Data Scientist";12901;"BR";"1:Não";"BR";"S";"G1"
2021;"3:SE";"FT";"Machine Learning Engineer";200000;"US";"3:Total";"US";"L";"G3"
2021;"3:SE";"FT";"Data Engineer";165000;"US";"1:Não";"US";"M";"G2"
2021;"2:MI";"FL";"Data Engineer";20000;"IT";"1:Não";"US";"L";"G1"
2021;"3:SE";"FT";"Data Analytics Manager";120000;"US";"1:Não";"US";"L";"G2"
2021;"2:MI";"FT";"Machine Learning Engineer";24823;"SI";"2:Parcial";"SI";"L";"G1"
2021;"2:MI";"FT";"Research Scientist";56738;"FR";"2:Parcial";"FR";"S";"G1"
2021;"2:MI";"FT";"Data Engineer";66022;"HK";"2:Parcial";"GB";"S";"G1"
2021;"1:EN";"FT";"Big Data Engineer";5882;"IN";"1:Não";"CH";"L";"G1"
2021;"1:EN";"FT";"Machine Learning Engineer";24823;"DE";"2:Parcial";"DE";"M";"G1"
2021;"3:SE";"FT";"Principal Data Engineer";185000;"US";"3:Total";"US";"L";"G2"
2021;"1:EN";"PT";"Computer Vision Engineer";28609;"DK";"2:Parcial";"DK";"S";"G1"
2021;"2:MI";"FT";"Data Scientist";90734;"DE";"2:Parcial";"DE";"L";"G1"
2021;"2:MI";"FT";"Machine Learning Engineer";88654;"BE";"3:Total";"BE";"M";"G1"
2021;"3:SE";"FT";"Data Analytics Manager";140000;"US";"3:Total";"US";"L";"G2"
2021;"2:MI";"FT";"Machine Learning Engineer";46597;"PL";"3:Total";"PL";"L";"G1"
2021;"2:MI";"FT";"Data Scientist";116914;"GB";"2:Parcial";"GB";"L";"G2"
2021;"2:MI";"FT";"Data Scientist";33808;"IN";"1:Não";"IN";"M";"G1"
2021;"2:MI";"FT";"Data Scientist";56256;"GB";"2:Parcial";"GB";"L";"G1"
2021;"3:SE";"FT";"Machine Learning Scientist";225000;"US";"3:Total";"CA";"L";"G3"
2021;"4:EX";"CT";"Principal Data Scientist";416000;"US";"3:Total";"US";"S";"G5"
2021;"3:SE";"FT";"Data Scientist";87738;"CA";"3:Total";"CA";"S";"G1"
2021;"2:MI";"FT";"Data Scientist";88654;"DE";"2:Parcial";"DE";"L";"G1"
2021;"3:SE";"FT";"Data Scientist";135000;"US";"1:Não";"US";"L";"G2"
2021;"3:SE";"FT";"Data Analyst";71786;"CA";"3:Total";"CA";"M";"G1"
2021;"1:EN";"FT";"Big Data Engineer";16228;"IN";"3:Total";"IN";"L";"G1"
2021;"3:SE";"FT";"ML Engineer";256000;"US";"3:Total";"US";"S";"G3"
2021;"3:SE";"FT";"Director of Data Engineering";200000;"US";"3:Total";"US";"L";"G3"
2021;"3:SE";"FT";"Data Analyst";200000;"US";"3:Total";"US";"L";"G3"
2021;"2:MI";"FT";"Data Architect";180000;"US";"3:Total";"US";"L";"G2"
2021;"2:MI";"FT";"Head of Data Science";110000;"US";"1:Não";"US";"S";"G2"
2021;"2:MI";"FT";"Research Scientist";63810;"CA";"3:Total";"CA";"M";"G1"
2021;"2:MI";"FT";"Data Scientist";46809;"ES";"3:Total";"ES";"M";"G1"
2021;"1:EN";"FT";"Data Scientist";4000;"VN";"1:Não";"VN";"M";"G1"
2021;"1:EN";"FT";"Data Engineer";21637;"IN";"2:Parcial";"IN";"M";"G1"
2021;"3:SE";"FT";"Data Scientist";103691;"CA";"3:Total";"CA";"L";"G2"
2021;"2:MI";"FT";"Data Analyst";80000;"US";"3:Total";"US";"L";"G1"
2021;"2:MI";"FT";"Data Engineer";110000;"US";"3:Total";"US";"L";"G2"
2021;"3:SE";"FT";"Data Scientist";165000;"US";"3:Total";"US";"L";"G2"
2021;"1:EN";"FT";"AI Scientist";18053;"IN";"3:Total";"AS";"S";"G1"
2021;"2:MI";"FT";"Data Engineer";72212;"GB";"2:Parcial";"GB";"L";"G1"
2021;"1:EN";"FT";"Data Scientist";36643;"FR";"2:Parcial";"FR";"L";"G1"
2021;"2:MI";"FT";"Data Engineer";12103;"TR";"1:Não";"TR";"M";"G1"
2021;"3:SE";"FT";"Data Engineer";96282;"GB";"2:Parcial";"GB";"L";"G1"
2021;"3:SE";"FT";"Principal Data Analyst";170000;"US";"3:Total";"US";"M";"G2"
2021;"2:MI";"FT";"Data Scientist";115000;"US";"2:Parcial";"US";"L";"G2"
2021;"1:EN";"FT";"Data Scientist";90000;"US";"3:Total";"US";"S";"G1"
2021;"4:EX";"FT";"Principal Data Engineer";600000;"US";"3:Total";"US";"L";"G5"
2021;"1:EN";"FT";"Data Scientist";28399;"IN";"3:Total";"IN";"M";"G1"
2021;"2:MI";"FT";"Data Analyst";93000;"US";"3:Total";"US";"L";"G1"
2021;"3:SE";"FT";"Big Data Architect";99703;"CA";"2:Parcial";"CA";"M";"G1"
2021;"2:MI";"FT";"Data Engineer";200000;"US";"3:Total";"US";"L";"G3"
2021;"3:SE";"FT";"Principal Data Scientist";173762;"DE";"3:Total";"DE";"M";"G2"
2021;"3:SE";"FT";"Machine Learning Engineer";185000;"US";"2:Parcial";"US";"L";"G2"
2021;"4:EX";"FT";"Director of Data Science";141846;"DE";"1:Não";"DE";"L";"G2"
2021;"2:MI";"FT";"Data Scientist";130000;"US";"2:Parcial";"US";"L";"G2"
2021;"3:SE";"FT";"Data Analyst";63831;"DE";"2:Parcial";"DE";"L";"G1"
2021;"2:MI";"FT";"Data Scientist";16904;"IN";"3:Total";"IN";"S";"G1"
2021;"3:SE";"FT";"Machine Learning Engineer";66265;"IN";"1:Não";"IN";"L";"G1"
2021;"2:MI";"FT";"Data Scientist";25532;"RS";"3:Total";"DE";"S";"G1"
2021;"3:SE";"FT";"Lead Data Engineer";160000;"PR";"2:Parcial";"US";"S";"G2"
2021;"2:MI";"FT";"Data Engineer";93150;"US";"1:Não";"US";"M";"G1"
2021;"2:MI";"FT";"Data Engineer";111775;"US";"1:Não";"US";"M";"G2"
2021;"2:MI";"FT";"Data Engineer";28016;"TR";"3:Total";"TR";"M";"G1"
2021;"1:EN";"FT";"Data Engineer";65013;"DE";"2:Parcial";"DE";"M";"G1"
2021;"1:EN";"FT";"Data Engineer";72500;"US";"3:Total";"US";"L";"G1"
2021;"3:SE";"FT";"Computer Vision Engineer";18907;"BR";"1:Não";"BR";"M";"G1"
2021;"1:EN";"FT";"Data Science Consultant";76833;"DE";"1:Não";"DE";"L";"G1"
2021;"1:EN";"FT";"Machine Learning Engineer";85000;"NL";"3:Total";"DE";"S";"G1"
2021;"3:SE";"FT";"Data Scientist";77684;"FR";"2:Parcial";"FR";"M";"G1"
2021;"1:EN";"FT";"Data Scientist";100000;"US";"3:Total";"US";"M";"G2"
2021;"1:EN";"FT";"Data Scientist";58000;"US";"2:Parcial";"US";"L";"G1"
2021;"3:SE";"FT";"AI Scientist";55000;"ES";"3:Total";"ES";"L";"G1"
2021;"3:SE";"FT";"Data Scientist";20171;"TR";"2:Parcial";"TR";"L";"G1"
2021;"1:EN";"FT";"Business Data Analyst";59102;"LU";"3:Total";"LU";"L";"G1"
2021;"2:MI";"FT";"Data Engineer";112000;"US";"3:Total";"US";"L";"G2"
2021;"1:EN";"FT";"Research Scientist";100000;"JE";"1:Não";"CN";"L";"G2"
2021;"2:MI";"PT";"Data Engineer";69741;"NL";"3:Total";"NL";"L";"G1"
2021;"3:SE";"CT";"Staff Data Scientist";105000;"US";"3:Total";"US";"M";"G2"
2021;"2:MI";"FT";"Research Scientist";69999;"CZ";"2:Parcial";"CZ";"L";"G1"
2021;"3:SE";"FT";"Data Science Manager";94665;"IN";"2:Parcial";"IN";"L";"G1"
2021;"3:SE";"FT";"Head of Data";102839;"SI";"3:Total";"SI";"L";"G2"
2021;"2:MI";"FT";"Data Scientist";109000;"US";"2:Parcial";"US";"L";"G2"
2021;"2:MI";"FT";"Machine Learning Engineer";51064;"IT";"2:Parcial";"IT";"L";"G1"
2022;"3:SE";"FT";"Data Engineer";135000;"US";"3:Total";"US";"M";"G2"
2022;"3:SE";"FT";"Data Analyst";155000;"US";"3:Total";"US";"M";"G2"
2022;"3:SE";"FT";"Data Analyst";120600;"US";"3:Total";"US";"M";"G2"
2022;"2:MI";"FT";"Data Scientist";130000;"US";"1:Não";"US";"M";"G2"
2022;"2:MI";"FT";"Data Scientist";90000;"US";"1:Não";"US";"M";"G1"
2022;"2:MI";"FT";"Data Engineer";170000;"US";"3:Total";"US";"M";"G2"
2022;"2:MI";"FT";"Data Engineer";150000;"US";"3:Total";"US";"M";"G2"
2022;"3:SE";"FT";"Data Analyst";102100;"US";"3:Total";"US";"M";"G2"
2022;"3:SE";"FT";"Data Analyst";84900;"US";"3:Total";"US";"M";"G1"
2022;"3:SE";"FT";"Data Scientist";136620;"US";"3:Total";"US";"M";"G2"
2022;"3:SE";"FT";"Data Scientist";99360;"US";"3:Total";"US";"M";"G1"
2022;"3:SE";"FT";"Data Scientist";117789;"GB";"1:Não";"GB";"M";"G2"
2022;"3:SE";"FT";"Data Scientist";104702;"GB";"1:Não";"GB";"M";"G2"
2022;"3:SE";"FT";"Data Scientist";146000;"US";"3:Total";"US";"M";"G2"
2022;"3:SE";"FT";"Data Scientist";123000;"US";"3:Total";"US";"M";"G2"
2022;"1:EN";"FT";"Data Engineer";52351;"GB";"3:Total";"GB";"M";"G1"
2022;"3:SE";"FT";"Data Analyst";99000;"US";"1:Não";"US";"M";"G1"
2022;"3:SE";"FT";"Data Analyst";116000;"US";"1:Não";"US";"M";"G2"
2022;"2:MI";"FT";"Data Analyst";106260;"US";"1:Não";"US";"M";"G2"
2022;"2:MI";"FT";"Data Analyst";126500;"US";"1:Não";"US";"M";"G2"
2022;"4:EX";"FT";"Data Engineer";242000;"US";"3:Total";"US";"M";"G3"
2022;"4:EX";"FT";"Data Engineer";200000;"US";"3:Total";"US";"M";"G3"
2022;"2:MI";"FT";"Data Scientist";65438;"GB";"1:Não";"GB";"M";"G1"
2022;"2:MI";"FT";"Data Scientist";39263;"GB";"1:Não";"GB";"M";"G1"
2022;"2:MI";"FT";"Data Engineer";78526;"GB";"1:Não";"GB";"M";"G1"
2022;"2:MI";"FT";"Data Engineer";52351;"GB";"1:Não";"GB";"M";"G1"
2022;"3:SE";"FT";"Data Scientist";165220;"US";"3:Total";"US";"M";"G2"
2022;"1:EN";"FT";"Data Engineer";45807;"GB";"3:Total";"GB";"M";"G1"
2022;"3:SE";"FT";"Data Scientist";120160;"US";"3:Total";"US";"M";"G2"
2022;"3:SE";"FT";"Data Analyst";90320;"US";"3:Total";"US";"M";"G1"
2022;"3:SE";"FT";"Data Engineer";181940;"US";"1:Não";"US";"M";"G2"
2022;"3:SE";"FT";"Data Engineer";132320;"US";"1:Não";"US";"M";"G2"
2022;"3:SE";"FT";"Data Engineer";220110;"US";"1:Não";"US";"M";"G3"
2022;"3:SE";"FT";"Data Engineer";160080;"US";"1:Não";"US";"M";"G2"
2022;"3:SE";"FT";"Data Scientist";180000;"US";"1:Não";"US";"L";"G2"
2022;"3:SE";"FT";"Data Scientist";120000;"US";"1:Não";"US";"L";"G2"
2022;"3:SE";"FT";"Data Analyst";124190;"US";"3:Total";"US";"M";"G2"
2022;"4:EX";"FT";"Data Analyst";130000;"US";"3:Total";"US";"M";"G2"
2022;"4:EX";"FT";"Data Analyst";110000;"US";"3:Total";"US";"M";"G2"
2022;"3:SE";"FT";"Data Analyst";170000;"US";"3:Total";"US";"M";"G2"
2022;"2:MI";"FT";"Data Analyst";115500;"US";"3:Total";"US";"M";"G2"
2022;"3:SE";"FT";"Data Analyst";112900;"US";"3:Total";"US";"M";"G2"
2022;"3:SE";"FT";"Data Analyst";90320;"US";"3:Total";"US";"M";"G1"
2022;"3:SE";"FT";"Data Analyst";112900;"US";"3:Total";"US";"M";"G2"
2022;"3:SE";"FT";"Data Analyst";90320;"US";"3:Total";"US";"M";"G1"
2022;"3:SE";"FT";"Data Engineer";165400;"US";"3:Total";"US";"M";"G2"
2022;"3:SE";"FT";"Data Engineer";132320;"US";"3:Total";"US";"M";"G2"
2022;"2:MI";"FT";"Data Analyst";167000;"US";"3:Total";"US";"M";"G2"
2022;"3:SE";"FT";"Data Engineer";243900;"US";"3:Total";"US";"M";"G3"
2022;"3:SE";"FT";"Data Analyst";136600;"US";"3:Total";"US";"M";"G2"
2022;"3:SE";"FT";"Data Analyst";109280;"US";"3:Total";"US";"M";"G2"
2022;"3:SE";"FT";"Data Engineer";128875;"US";"3:Total";"US";"M";"G2"
2022;"3:SE";"FT";"Data Engineer";93700;"US";"3:Total";"US";"M";"G1"
2022;"4:EX";"FT";"Head of Data Science";224000;"US";"3:Total";"US";"M";"G3"
2022;"4:EX";"FT";"Head of Data Science";167875;"US";"3:Total";"US";"M";"G2"
2022;"4:EX";"FT";"Analytics Engineer";175000;"US";"3:Total";"US";"M";"G2"
2022;"3:SE";"FT";"Data Engineer";156600;"US";"3:Total";"US";"M";"G2"
2022;"3:SE";"FT";"Data Engineer";108800;"US";"1:Não";"US";"M";"G2"
2022;"3:SE";"FT";"Data Scientist";95550;"US";"1:Não";"US";"M";"G1"
2022;"3:SE";"FT";"Data Engineer";113000;"US";"1:Não";"US";"L";"G2"
2022;"3:SE";"FT";"Data Analyst";135000;"US";"3:Total";"US";"M";"G2"
2022;"3:SE";"FT";"Data Science Manager";161342;"US";"3:Total";"US";"M";"G2"
2022;"3:SE";"FT";"Data Science Manager";137141;"US";"3:Total";"US";"M";"G2"
2022;"3:SE";"FT";"Data Scientist";167000;"US";"3:Total";"US";"M";"G2"
2022;"3:SE";"FT";"Data Scientist";123000;"US";"3:Total";"US";"M";"G2"
2022;"3:SE";"FT";"Data Engineer";78526;"GB";"1:Não";"GB";"M";"G1"
2022;"3:SE";"FT";"Data Engineer";65438;"GB";"1:Não";"GB";"M";"G1"
2022;"3:SE";"FT";"Data Scientist";150000;"US";"1:Não";"US";"M";"G2"
2022;"3:SE";"FT";"Data Scientist";211500;"US";"3:Total";"US";"M";"G3"
2022;"3:SE";"FT";"Data Architect";192400;"CA";"3:Total";"CA";"M";"G2"
2022;"3:SE";"FT";"Data Architect";90700;"CA";"3:Total";"CA";"M";"G1"
2022;"3:SE";"FT";"Data Analyst";130000;"CA";"3:Total";"CA";"M";"G2"
2022;"3:SE";"FT";"Data Analyst";61300;"CA";"3:Total";"CA";"M";"G1"
2022;"3:SE";"FT";"Data Analyst";130000;"CA";"3:Total";"CA";"M";"G2"
2022;"3:SE";"FT";"Data Analyst";61300;"CA";"3:Total";"CA";"M";"G1"
2022;"3:SE";"FT";"Data Engineer";160000;"US";"1:Não";"US";"L";"G2"
2022;"3:SE";"FT";"Data Scientist";138600;"US";"3:Total";"US";"M";"G2"
2022;"3:SE";"FT";"Data Engineer";136000;"US";"1:Não";"US";"M";"G2"
2022;"2:MI";"FT";"Data Analyst";58000;"US";"1:Não";"US";"S";"G1"
2022;"4:EX";"FT";"Analytics Engineer";135000;"US";"3:Total";"US";"M";"G2"
2022;"3:SE";"FT";"Data Scientist";170000;"US";"3:Total";"US";"M";"G2"
2022;"3:SE";"FT";"Data Scientist";123000;"US";"3:Total";"US";"M";"G2"
2022;"3:SE";"FT";"Machine Learning Engineer";189650;"US";"1:Não";"US";"M";"G2"
2022;"3:SE";"FT";"Machine Learning Engineer";164996;"US";"1:Não";"US";"M";"G2"
2022;"2:MI";"FT";"ETL Developer";54957;"GR";"1:Não";"GR";"M";"G1"
2022;"2:MI";"FT";"ETL Developer";54957;"GR";"1:Não";"GR";"M";"G1"
2022;"4:EX";"FT";"Lead Data Engineer";118187;"CA";"3:Total";"CA";"S";"G2"
2022;"3:SE";"FT";"Data Analyst";132000;"US";"1:Não";"US";"M";"G2"
2022;"3:SE";"FT";"Data Engineer";165400;"US";"3:Total";"US";"M";"G2"
2022;"3:SE";"FT";"Data Architect";208775;"US";"3:Total";"US";"M";"G3"
2022;"3:SE";"FT";"Data Architect";147800;"US";"3:Total";"US";"M";"G2"
2022;"3:SE";"FT";"Data Engineer";136994;"US";"3:Total";"US";"M";"G2"
2022;"3:SE";"FT";"Data Engineer";101570;"US";"3:Total";"US";"M";"G2"
2022;"3:SE";"FT";"Data Analyst";128875;"US";"3:Total";"US";"M";"G2"
2022;"3:SE";"FT";"Data Analyst";93700;"US";"3:Total";"US";"M";"G1"
2022;"4:EX";"FT";"Head of Machine Learning";79039;"IN";"2:Parcial";"IN";"L";"G1"
2022;"3:SE";"FT";"Data Engineer";132320;"US";"3:Total";"US";"M";"G2"
2022;"1:EN";"FT";"Machine Learning Engineer";37300;"GB";"3:Total";"GB";"L";"G1"
2022;"3:SE";"FT";"Data Analyst";164000;"US";"1:Não";"US";"M";"G2"
2022;"3:SE";"FT";"Data Engineer";155000;"US";"3:Total";"US";"M";"G2"
2022;"2:MI";"FT";"Machine Learning Engineer";124333;"GB";"1:Não";"GB";"M";"G2"
2022;"2:MI";"FT";"Machine Learning Engineer";98158;"GB";"1:Não";"GB";"M";"G1"
2022;"2:MI";"FT";"AI Scientist";120000;"US";"1:Não";"US";"M";"G2"
2022;"3:SE";"FT";"Data Analyst";112900;"US";"3:Total";"US";"M";"G2"
2022;"3:SE";"FT";"Data Analyst";90320;"US";"3:Total";"US";"M";"G1"
2022;"3:SE";"FT";"Data Analytics Manager";145000;"US";"3:Total";"US";"M";"G2"
2022;"3:SE";"FT";"Data Analytics Manager";105400;"US";"3:Total";"US";"M";"G2"
2022;"2:MI";"FT";"Machine Learning Engineer";87932;"FR";"3:Total";"DE";"M";"G1"
2022;"2:MI";"FT";"Data Engineer";117789;"GB";"1:Não";"GB";"M";"G2"
2022;"3:SE";"FT";"Data Scientist";215300;"US";"3:Total";"US";"L";"G3"
2022;"3:SE";"FT";"Data Scientist";158200;"US";"3:Total";"US";"L";"G2"
2022;"3:SE";"FT";"Data Engineer";209100;"US";"3:Total";"US";"L";"G3"
2022;"3:SE";"FT";"Data Engineer";154600;"US";"3:Total";"US";"L";"G2"
2022;"3:SE";"FT";"Data Analyst";115934;"US";"1:Não";"US";"M";"G2"
2022;"3:SE";"FT";"Data Analyst";81666;"US";"1:Não";"US";"M";"G1"
2022;"3:SE";"FT";"Data Engineer";175000;"US";"3:Total";"US";"M";"G2"
2022;"2:MI";"FT";"Data Engineer";98158;"GB";"1:Não";"GB";"M";"G1"
2022;"2:MI";"FT";"Data Analyst";58000;"US";"1:Não";"US";"S";"G1"
2022;"3:SE";"FT";"Data Engineer";183600;"US";"3:Total";"US";"L";"G2"
2022;"2:MI";"FT";"Data Analyst";52351;"GB";"3:Total";"GB";"M";"G1"
2022;"3:SE";"FT";"Data Scientist";180000;"US";"3:Total";"US";"M";"G2"
2022;"2:MI";"FT";"Data Scientist";71982;"GB";"1:Não";"GB";"M";"G1"
2022;"2:MI";"FT";"Data Scientist";45807;"GB";"1:Não";"GB";"M";"G1"
2022;"2:MI";"FT";"Data Engineer";65949;"GR";"3:Total";"GR";"M";"G1"
2022;"2:MI";"FT";"Data Engineer";49461;"GR";"3:Total";"GR";"M";"G1"
2022;"2:MI";"FT";"Data Engineer";78526;"GB";"3:Total";"GB";"M";"G1"
2022;"2:MI";"FT";"Data Engineer";58894;"GB";"3:Total";"GB";"M";"G1"
2022;"3:SE";"FT";"Data Scientist";260000;"US";"3:Total";"US";"M";"G3"
2022;"3:SE";"FT";"Data Science Engineer";60000;"AR";"3:Total";"MX";"L";"G1"
2022;"2:MI";"FT";"Data Engineer";63900;"US";"1:Não";"US";"M";"G1"
2022;"2:MI";"FT";"Machine Learning Scientist";160000;"US";"3:Total";"US";"L";"G2"
2022;"2:MI";"FT";"Machine Learning Scientist";112300;"US";"3:Total";"US";"L";"G2"
2022;"2:MI";"FT";"Data Science Manager";241000;"US";"3:Total";"US";"M";"G3"
2022;"2:MI";"FT";"Data Science Manager";159000;"US";"3:Total";"US";"M";"G2"
2022;"3:SE";"FT";"Data Scientist";180000;"US";"1:Não";"US";"M";"G2"
2022;"3:SE";"FT";"Data Scientist";80000;"US";"1:Não";"US";"M";"G1"
2022;"2:MI";"FT";"Data Engineer";82900;"US";"1:Não";"US";"M";"G1"
2022;"3:SE";"FT";"Data Engineer";100800;"US";"3:Total";"US";"L";"G2"
2022;"2:MI";"FT";"Data Engineer";49461;"ES";"3:Total";"ES";"M";"G1"
2022;"3:SE";"FT";"Data Scientist";140400;"US";"1:Não";"US";"L";"G2"
2022;"2:MI";"FT";"Data Analyst";39263;"GB";"3:Total";"GB";"M";"G1"
2022;"2:MI";"FT";"Data Analyst";43966;"ES";"3:Total";"ES";"M";"G1"
2022;"2:MI";"FT";"Data Analyst";32974;"ES";"3:Total";"ES";"M";"G1"
2022;"2:MI";"FT";"Data Engineer";87932;"ES";"3:Total";"ES";"M";"G1"
2022;"2:MI";"FT";"Data Engineer";76940;"ES";"3:Total";"ES";"M";"G1"
2022;"2:MI";"FT";"Data Engineer";104702;"GB";"3:Total";"GB";"M";"G2"
2022;"2:MI";"FT";"Data Engineer";91614;"GB";"3:Total";"GB";"M";"G1"
2022;"2:MI";"FT";"Data Engineer";65949;"ES";"3:Total";"ES";"M";"G1"
2022;"2:MI";"FT";"Data Engineer";87932;"GR";"3:Total";"GR";"M";"G1"
2022;"3:SE";"FT";"Machine Learning Engineer";189650;"US";"1:Não";"US";"M";"G2"
2022;"3:SE";"FT";"Machine Learning Engineer";164996;"US";"1:Não";"US";"M";"G2"
2022;"2:MI";"FT";"Data Analyst";43966;"GR";"3:Total";"GR";"M";"G1"
2022;"2:MI";"FT";"Data Analyst";32974;"GR";"3:Total";"GR";"M";"G1"
2022;"2:MI";"FT";"Data Engineer";98158;"GB";"3:Total";"GB";"M";"G1"
2022;"2:MI";"FT";"Data Engineer";78526;"GB";"3:Total";"GB";"M";"G1"
2022;"3:SE";"FT";"Data Scientist";215300;"US";"1:Não";"US";"L";"G3"
2022;"2:MI";"FT";"Data Engineer";76940;"GR";"3:Total";"GR";"M";"G1"
2022;"3:SE";"FT";"Data Engineer";209100;"US";"3:Total";"US";"L";"G3"
2022;"3:SE";"FT";"Data Engineer";154600;"US";"3:Total";"US";"L";"G2"
2022;"3:SE";"FT";"Data Engineer";180000;"US";"3:Total";"US";"M";"G2"
2022;"1:EN";"FT";"ML Engineer";21983;"PT";"3:Total";"PT";"L";"G1"
2022;"3:SE";"FT";"Data Engineer";80000;"US";"3:Total";"US";"M";"G1"
2022;"2:MI";"FT";"Machine Learning Developer";78791;"CA";"3:Total";"CA";"M";"G1"
2022;"4:EX";"FT";"Director of Data Science";196979;"CA";"2:Parcial";"CA";"L";"G2"
2022;"2:MI";"FT";"Machine Learning Engineer";120000;"US";"3:Total";"US";"S";"G2"
2022;"1:EN";"FT";"Computer Vision Engineer";125000;"US";"1:Não";"US";"M";"G2"
2022;"2:MI";"FT";"NLP Engineer";37236;"US";"2:Parcial";"US";"L";"G1"
2022;"3:SE";"FT";"Data Engineer";105000;"US";"3:Total";"US";"M";"G2"
2022;"3:SE";"FT";"Lead Machine Learning Engineer";87932;"DE";"1:Não";"DE";"M";"G1"
2022;"2:MI";"FT";"Business Data Analyst";18442;"IN";"3:Total";"IN";"M";"G1"
2022;"2:MI";"FT";"Data Scientist";31615;"IN";"3:Total";"IN";"L";"G1"
2022;"2:MI";"FT";"Machine Learning Infrastructure Engineer";58255;"PT";"2:Parcial";"PT";"L";"G1"
2022;"1:EN";"FT";"Financial Data Analyst";100000;"US";"2:Parcial";"US";"L";"G2"
2022;"2:MI";"PT";"Data Engineer";54957;"DE";"2:Parcial";"DE";"L";"G1"
2022;"1:EN";"FT";"Data Scientist";18442;"IN";"3:Total";"IN";"M";"G1"
2022;"3:SE";"FT";"Principal Data Scientist";162674;"DE";"3:Total";"DE";"M";"G2"
2022;"1:EN";"FT";"Data Engineer";120000;"US";"3:Total";"US";"M";"G2"
2022;"3:SE";"FT";"Research Scientist";144000;"US";"2:Parcial";"US";"L";"G2"
2022;"3:SE";"FT";"Data Scientist";104890;"US";"3:Total";"US";"M";"G2"
2022;"3:SE";"FT";"Data Engineer";100000;"US";"3:Total";"US";"M";"G2"
2022;"3:SE";"FT";"Data Scientist";140000;"US";"3:Total";"US";"M";"G2"
2022;"2:MI";"FT";"Data Analyst";135000;"US";"3:Total";"US";"M";"G2"
2022;"2:MI";"FT";"Data Analyst";50000;"US";"3:Total";"US";"M";"G1"
2022;"3:SE";"FT";"Data Scientist";220000;"US";"3:Total";"US";"M";"G3"
2022;"3:SE";"FT";"Data Scientist";140000;"US";"3:Total";"US";"M";"G2"
2022;"2:MI";"FT";"Data Scientist";183228;"GB";"1:Não";"GB";"M";"G2"
2022;"2:MI";"FT";"Data Scientist";91614;"GB";"1:Não";"GB";"M";"G1"
2022;"3:SE";"FT";"Data Scientist";185100;"US";"3:Total";"US";"M";"G2"
2022;"3:SE";"FT";"Machine Learning Engineer";220000;"US";"3:Total";"US";"M";"G3"
2022;"2:MI";"FT";"Data Scientist";200000;"US";"3:Total";"US";"M";"G3"
2022;"2:MI";"FT";"Data Scientist";120000;"US";"3:Total";"US";"M";"G2"
2022;"3:SE";"FT";"Machine Learning Engineer";120000;"AE";"3:Total";"AE";"S";"G2"
2022;"3:SE";"FT";"Machine Learning Engineer";65000;"AE";"3:Total";"AE";"S";"G1"
2022;"4:EX";"FT";"Data Engineer";324000;"US";"3:Total";"US";"M";"G4"
2022;"4:EX";"FT";"Data Engineer";216000;"US";"3:Total";"US";"M";"G3"
2022;"3:SE";"FT";"Data Engineer";210000;"US";"3:Total";"US";"M";"G3"
2022;"3:SE";"FT";"Machine Learning Engineer";120000;"US";"3:Total";"US";"M";"G2"
2022;"3:SE";"FT";"Data Scientist";230000;"US";"3:Total";"US";"M";"G3"
2022;"1:EN";"PT";"Data Scientist";100000;"DZ";"2:Parcial";"DZ";"M";"G2"
2022;"2:MI";"FL";"Data Scientist";100000;"CA";"3:Total";"US";"M";"G2"
2022;"1:EN";"CT";"Applied Machine Learning Scientist";31875;"TN";"3:Total";"CZ";"M";"G1"
2022;"3:SE";"FT";"Head of Data";200000;"MY";"3:Total";"US";"M";"G3"
2022;"2:MI";"FT";"Principal Data Analyst";75000;"CA";"3:Total";"CA";"S";"G1"
2022;"2:MI";"FT";"Data Scientist";35590;"PL";"3:Total";"PL";"L";"G1"
2022;"3:SE";"FT";"Machine Learning Developer";78791;"CA";"3:Total";"CA";"M";"G1"
2022;"3:SE";"FT";"Data Scientist";100000;"BR";"3:Total";"US";"M";"G2"
2022;"2:MI";"FT";"Machine Learning Scientist";153000;"US";"2:Parcial";"US";"M";"G2"
2022;"1:EN";"FT";"Data Engineer";58035;"PK";"3:Total";"DE";"M";"G1"
2022;"3:SE";"FT";"Data Scientist";165000;"US";"3:Total";"US";"M";"G2"
2022;"3:SE";"FT";"Research Scientist";93427;"FR";"2:Parcial";"FR";"L";"G1"
2022;"1:EN";"FT";"Data Scientist";52396;"CA";"3:Total";"CA";"L";"G1"
2022;"3:SE";"FT";"Machine Learning Engineer";62651;"NL";"3:Total";"NL";"L";"G1"
2022;"2:MI";"FT";"Head of Data";32974;"EE";"3:Total";"EE";"S";"G1"
2022;"1:EN";"FT";"Data Scientist";40000;"JP";"3:Total";"MY";"L";"G1"
2022;"2:MI";"FT";"Machine Learning Engineer";87425;"AU";"3:Total";"AU";"L";"G1"
2022;"3:SE";"FT";"Data Engineer";115000;"US";"3:Total";"US";"M";"G2"
2022;"1:EN";"FT";"Data Scientist";86703;"AU";"2:Parcial";"AU";"M";"G1"
2022;"2:MI";"FT";"Applied Machine Learning Scientist";75000;"BO";"3:Total";"US";"L";"G1"
2022;"2:MI";"FT";"Research Scientist";64849;"AT";"1:Não";"AT";"L";"G1"
2022;"1:EN";"FT";"Research Scientist";120000;"US";"3:Total";"US";"L";"G2"
2022;"2:MI";"FT";"Applied Data Scientist";157000;"US";"3:Total";"US";"L";"G2"
2022;"1:EN";"FT";"Computer Vision Software Engineer";150000;"AU";"3:Total";"AU";"S";"G2"
2022;"2:MI";"FT";"Business Data Analyst";70912;"CA";"2:Parcial";"CA";"L";"G1"
2022;"1:EN";"FT";"Data Engineer";65000;"US";"3:Total";"US";"S";"G1"
2022;"3:SE";"FT";"Machine Learning Engineer";71444;"IE";"3:Total";"IE";"S";"G1"
2022;"1:EN";"FT";"Data Analytics Engineer";20000;"PK";"1:Não";"PK";"M";"G1"
2022;"2:MI";"FT";"Data Scientist";48000;"RU";"3:Total";"US";"S";"G1"
2022;"3:SE";"FT";"Data Science Manager";152500;"US";"3:Total";"US";"M";"G2"
2022;"2:MI";"FT";"Data Engineer";68147;"FR";"3:Total";"FR";"M";"G1"
2022;"2:MI";"FT";"Data Scientist";122346;"CH";"1:Não";"CH";"L";"G2"
2022;"3:SE";"FT";"Applied Data Scientist";380000;"US";"3:Total";"US";"L";"G4"
2022;"2:MI";"FT";"Data Scientist";69336;"CA";"3:Total";"CA";"M";"G1"
2022;"1:EN";"FT";"Computer Vision Engineer";10000;"PT";"3:Total";"LU";"M";"G1"
2022;"2:MI";"FT";"Data Analyst";20000;"GR";"3:Total";"GR";"S";"G1"
2022;"3:SE";"FT";"Data Analytics Lead";405000;"US";"3:Total";"US";"L";"G5"
2022;"2:MI";"FT";"Data Scientist";135000;"US";"3:Total";"US";"L";"G2"
2022;"3:SE";"FT";"Applied Data Scientist";177000;"US";"3:Total";"US";"L";"G2"
2022;"2:MI";"FT";"Data Scientist";78000;"US";"3:Total";"US";"M";"G1"
2022;"3:SE";"FT";"Data Analyst";135000;"US";"3:Total";"US";"M";"G2"
2022;"3:SE";"FT";"Data Analyst";100000;"US";"3:Total";"US";"M";"G2"
2022;"3:SE";"FT";"Data Analyst";90320;"US";"3:Total";"US";"M";"G1"
2022;"2:MI";"FT";"Data Analyst";85000;"CA";"1:Não";"CA";"M";"G1"
2022;"2:MI";"FT";"Data Analyst";75000;"CA";"1:Não";"CA";"M";"G1"
2022;"3:SE";"FT";"Machine Learning Engineer";214000;"US";"3:Total";"US";"M";"G3"
2022;"3:SE";"FT";"Machine Learning Engineer";192600;"US";"3:Total";"US";"M";"G2"
2022;"3:SE";"FT";"Data Architect";266400;"US";"3:Total";"US";"M";"G3"
2022;"3:SE";"FT";"Data Architect";213120;"US";"3:Total";"US";"M";"G3"
2022;"3:SE";"FT";"Data Analyst";112900;"US";"3:Total";"US";"M";"G2"
2022;"3:SE";"FT";"Data Engineer";155000;"US";"3:Total";"US";"M";"G2"
2022;"2:MI";"FT";"Data Scientist";141300;"US";"1:Não";"US";"M";"G2"
2022;"2:MI";"FT";"Data Scientist";102100;"US";"1:Não";"US";"M";"G2"
2022;"3:SE";"FT";"Data Analyst";115934;"US";"3:Total";"US";"M";"G2"
2022;"3:SE";"FT";"Data Analyst";81666;"US";"3:Total";"US";"M";"G1"
2022;"2:MI";"FT";"Data Engineer";206699;"US";"1:Não";"US";"M";"G3"
2022;"2:MI";"FT";"Data Engineer";99100;"US";"1:Não";"US";"M";"G1"
2022;"3:SE";"FT";"Data Engineer";130000;"US";"3:Total";"US";"M";"G2"
2022;"3:SE";"FT";"Data Engineer";115000;"US";"3:Total";"US";"M";"G2"
2022;"3:SE";"FT";"Data Engineer";110500;"US";"3:Total";"US";"M";"G2"
2022;"3:SE";"FT";"Data Engineer";130000;"US";"3:Total";"US";"M";"G2"
2022;"3:SE";"FT";"Data Analyst";99050;"US";"3:Total";"US";"M";"G1"
2022;"3:SE";"FT";"Data Engineer";160000;"US";"3:Total";"US";"M";"G2"
2022;"3:SE";"FT";"Data Scientist";205300;"US";"1:Não";"US";"L";"G3"
2022;"3:SE";"FT";"Data Scientist";140400;"US";"1:Não";"US";"L";"G2"
2022;"3:SE";"FT";"Data Scientist";176000;"US";"3:Total";"US";"M";"G2"
2022;"3:SE";"FT";"Data Scientist";144000;"US";"3:Total";"US";"M";"G2"
2022;"3:SE";"FT";"Data Engineer";200100;"US";"3:Total";"US";"M";"G3"
2022;"3:SE";"FT";"Data Engineer";160000;"US";"3:Total";"US";"M";"G2"
2022;"3:SE";"FT";"Data Engineer";145000;"US";"3:Total";"US";"M";"G2"
2022;"3:SE";"FT";"Data Engineer";70500;"US";"1:Não";"US";"M";"G1"
2022;"3:SE";"FT";"Data Scientist";205300;"US";"1:Não";"US";"M";"G3"
2022;"3:SE";"FT";"Data Scientist";140400;"US";"1:Não";"US";"M";"G2"
2022;"3:SE";"FT";"Analytics Engineer";205300;"US";"1:Não";"US";"M";"G3"
2022;"3:SE";"FT";"Analytics Engineer";184700;"US";"1:Não";"US";"M";"G2"
2022;"3:SE";"FT";"Data Engineer";175100;"US";"3:Total";"US";"M";"G2"
2022;"3:SE";"FT";"Data Engineer";140250;"US";"3:Total";"US";"M";"G2"
2022;"3:SE";"FT";"Data Analyst";116150;"US";"3:Total";"US";"M";"G2"
2022;"3:SE";"FT";"Data Engineer";54000;"US";"1:Não";"US";"M";"G1"
2022;"3:SE";"FT";"Data Analyst";170000;"US";"3:Total";"US";"M";"G2"
2022;"2:MI";"FT";"Data Analyst";65438;"GB";"1:Não";"GB";"M";"G1"
2022;"3:SE";"FT";"Data Analyst";80000;"US";"3:Total";"US";"M";"G1"
2022;"3:SE";"FT";"Data Scientist";140000;"US";"3:Total";"US";"M";"G2"
2022;"3:SE";"FT";"Data Scientist";210000;"US";"3:Total";"US";"M";"G3"
2022;"3:SE";"FT";"Data Scientist";140000;"US";"3:Total";"US";"M";"G2"
2022;"3:SE";"FT";"Data Analyst";100000;"US";"3:Total";"US";"M";"G2"
2022;"3:SE";"FT";"Data Analyst";69000;"US";"3:Total";"US";"M";"G1"
2022;"3:SE";"FT";"Data Scientist";210000;"US";"3:Total";"US";"M";"G3"
2022;"3:SE";"FT";"Data Scientist";140000;"US";"3:Total";"US";"M";"G2"
2022;"3:SE";"FT";"Data Scientist";210000;"US";"3:Total";"US";"M";"G3"
2022;"3:SE";"FT";"Data Analyst";150075;"US";"3:Total";"US";"M";"G2"
2022;"3:SE";"FT";"Data Engineer";100000;"US";"3:Total";"US";"M";"G2"
2022;"3:SE";"FT";"Data Engineer";25000;"US";"3:Total";"US";"M";"G1"
2022;"3:SE";"FT";"Data Analyst";126500;"US";"3:Total";"US";"M";"G2"
2022;"3:SE";"FT";"Data Analyst";106260;"US";"3:Total";"US";"M";"G2"
2022;"3:SE";"FT";"Data Engineer";220110;"US";"3:Total";"US";"M";"G3"
2022;"3:SE";"FT";"Data Engineer";160080;"US";"3:Total";"US";"M";"G2"
2022;"3:SE";"FT";"Data Analyst";105000;"US";"3:Total";"US";"M";"G2"
2022;"3:SE";"FT";"Data Analyst";110925;"US";"3:Total";"US";"M";"G2"
2022;"2:MI";"FT";"Data Analyst";45807;"GB";"1:Não";"GB";"M";"G1"
2022;"3:SE";"FT";"Data Scientist";140000;"US";"3:Total";"US";"M";"G2"
2022;"3:SE";"FT";"Data Analyst";99000;"US";"1:Não";"US";"M";"G1"
2022;"3:SE";"FT";"Data Analyst";60000;"US";"3:Total";"US";"M";"G1"
2022;"3:SE";"FT";"Data Architect";192564;"US";"3:Total";"US";"M";"G2"
2022;"3:SE";"FT";"Data Architect";144854;"US";"3:Total";"US";"M";"G2"
2022;"3:SE";"FT";"Data Scientist";230000;"US";"3:Total";"US";"M";"G3"
2022;"3:SE";"FT";"Data Scientist";150000;"US";"3:Total";"US";"M";"G2"
2022;"3:SE";"FT";"Data Analytics Manager";150260;"US";"3:Total";"US";"M";"G2"
2022;"3:SE";"FT";"Data Analytics Manager";109280;"US";"3:Total";"US";"M";"G2"
2022;"3:SE";"FT";"Data Scientist";210000;"US";"3:Total";"US";"M";"G3"
2022;"3:SE";"FT";"Data Analyst";170000;"US";"3:Total";"US";"M";"G2"
2022;"2:MI";"FT";"Data Scientist";160000;"US";"3:Total";"US";"M";"G2"
2022;"2:MI";"FT";"Data Scientist";130000;"US";"3:Total";"US";"M";"G2"
2022;"1:EN";"FT";"Data Analyst";67000;"CA";"1:Não";"CA";"M";"G1"
2022;"1:EN";"FT";"Data Analyst";52000;"CA";"1:Não";"CA";"M";"G1"
2022;"3:SE";"FT";"Data Engineer";154000;"US";"3:Total";"US";"M";"G2"
2022;"3:SE";"FT";"Data Engineer";126000;"US";"3:Total";"US";"M";"G2"
2022;"3:SE";"FT";"Data Analyst";129000;"US";"1:Não";"US";"M";"G2"
2022;"3:SE";"FT";"Data Analyst";150000;"US";"3:Total";"US";"M";"G2"
2022;"2:MI";"FT";"AI Scientist";200000;"IN";"3:Total";"US";"L";"G3"
